{"Scene":{"0":{"AnimationController":{"Active Animation":0,"Animation0":{"Frame0":[1.0,46.0,108.0,1.0],"Frame1":[1.0,93.0,108.0,48.0],"Frame10":[1.0,516.0,108.0,471.0],"Frame11":[1.0,563.0,108.0,518.0],"Frame2":[1.0,140.0,108.0,95.0],"Frame3":[1.0,187.0,108.0,142.0],"Frame4":[1.0,234.0,108.0,189.0],"Frame5":[1.0,281.0,108.0,236.0],"Frame6":[1.0,328.0,108.0,283.0],"Frame7":[1.0,375.0,108.0,330.0],"Frame8":[1.0,422.0,108.0,377.0],"Frame9":[1.0,469.0,108.0,424.0],"NumFrames":12,"Repeating":true,"SecsPerFrame":0.07999999821186066},"FileName":"spritesheets/WASD Text.png","NumAnimations":1},"Identifier":{"Identifier":4368,"MainCamera":false,"MainPlayer":false,"Name":"WASD Sign"},"Sprite":{"BottomLeft":[0.0,0.0],"FileName":"spritesheets/WASD Text.png","Height":45,"IsSpriteSheet":false,"SizeScale":1.0,"TopRight":[1.0,1.0],"Width":107},"Transform":{"Position":[-15.0,60.0,1.0],"Rotation":[0.0,0.0,0.0],"Scale":[107.0,45.0,1.0]}},"1":{"AnimationController":{"Active Animation":0,"Animation0":{"Frame0":[1.0,65.0,65.0,1.0],"Frame1":[67.0,65.0,131.0,1.0],"Frame2":[133.0,65.0,197.0,1.0],"Frame3":[199.0,65.0,263.0,1.0],"Frame4":[265.0,65.0,329.0,1.0],"Frame5":[331.0,65.0,395.0,1.0],"NumFrames":6,"Repeating":true,"SecsPerFrame":0.07999999821186066},"Animation1":{"Frame0":[1.0,129.0,65.0,65.0],"Frame1":[67.0,129.0,131.0,65.0],"Frame2":[133.0,129.0,197.0,65.0],"Frame3":[199.0,129.0,263.0,65.0],"Frame4":[265.0,129.0,329.0,65.0],"Frame5":[331.0,129.0,395.0,65.0],"NumFrames":6,"Repeating":true,"SecsPerFrame":0.07999999821186066},"FileName":"spritesheets/LinkAttacks.png","NumAnimations":2},"Identifier":{"Identifier":4368,"MainCamera":false,"MainPlayer":true,"Name":"link"},"Sprite":{"BottomLeft":[0.0,0.0],"FileName":"spritesheets/LinkAttacks.png","Height":100,"IsSpriteSheet":false,"SizeScale":1.0,"TopRight":[1.0,1.0],"Width":100},"Transform":{"Position":[22.5,0.0,100.0],"Rotation":[0.0,0.0,0.0],"Scale":[100.0,100.0,1.0]}},"2":{"Identifier":{"Identifier":272,"MainCamera":false,"MainPlayer":false,"Name":"Hello World Sign"},"Sprite":{"BottomLeft":[0.0,0.0],"FileName":"HelloWorld.png","Height":50,"IsSpriteSheet":false,"SizeScale":1.0,"TopRight":[1.0,1.0],"Width":100},"Transform":{"Position":[-25.0,-25.0,0.0],"Rotation":[0.0,0.0,0.0],"Scale":[100.0,50.0,1.0]}},"3":{"Identifier":{"Identifier":272,"MainCamera":false,"MainPlayer":false,"Name":"Controller Sign"},"Sprite":{"BottomLeft":[0.0,0.0],"FileName":"Controller.png","Height":50,"IsSpriteSheet":false,"SizeScale":1.0,"TopRight":[1.0,1.0],"Width":100},"Transform":{"Position":[35.0,15.0,0.5],"Rotation":[0.0,0.0,0.0],"Scale":[100.0,50.0,1.0]}},"4":{"Camera":{"FarPlane":100.0,"Fov":0.0,"NearPlane":-100.0,"OrthoPos":[-81.44999694824219,118.55000305175781,-100.0,100.0],"OrthoSize":[-100.0,100.0,-100.0,100.0],"Position":[18.549999237060547,0.0,0.0],"ProjectionType":1,"Rotation":[0.0,0.0,0.0]},"HoriScrollCam":{"OffsetY":15.0},"Identifier":{"Identifier":805306369,"MainCamera":true,"MainPlayer":false,"Name":"Scrolling Camera"},"VertScrollCam":{"OffsetX":15.0}},"NumEntities":5,"SceneName":"Chellenging Scene"}}