{"Scene":{"0":{"HealthBar":{"Health":0.699999988079071},"Identifier":{"Identifier":16777216,"MainCamera":false,"MainPlayer":false,"Name":"Healthbar Entity"}},"1":{"Camera":{"FarPlane":100.0,"Fov":0.0,"NearPlane":-100.0,"OrthoPos":[-100.0,100.0,-100.0,100.0],"OrthoSize":[-100.0,100.0,-100.0,100.0],"Position":[0.0,0.0,0.0],"ProjectionType":1,"Rotation":[0.0,0.0,0.0]},"Identifier":{"Identifier":1,"MainCamera":true,"MainPlayer":false,"Name":"Main Camera"}},"NumEntities":2,"SceneName":"Scene of Two"}}