{"Scene":{"0":{"Identifier":{"Identifier":272,"MainCamera":false,"MainPlayer":false,"Name":"Hello World Sign"},"Sprite":{"BottomLeft":[0.0,0.0],"FileName":"HelloWorld.png","Height":50,"IsSpriteSheet":false,"SizeScale":1.0,"TopRight":[1.0,1.0],"Width":100},"Transform":{"Position":[0.0,0.0,100.0],"Rotation":[0.0,0.0,0.0],"Scale":[100.0,50.0,1.0]}},"1":{"Camera":{"FarPlane":100.0,"Fov":0.0,"NearPlane":-100.0,"OrthoPos":[-100.0,100.0,-100.0,100.0],"OrthoSize":[-100.0,100.0,-100.0,100.0],"Position":[0.0,0.0,0.0],"ProjectionType":1,"Rotation":[0.0,0.0,0.0]},"Identifier":{"Identifier":1,"MainCamera":true,"MainPlayer":false,"Name":"Main Camera"}},"NumEntities":2,"SceneName":"Hello World"}}